Respondent ID,Collector ID,Start Date,End Date,IP Address,Email Address,First Name,Last Name,Custom Data 1,CONSENT STATEMENTI have read and understood the participant information above and I freely and voluntarily give my consent to participate in this project/study.,,What is your gender?,What is your age range?,What is your course of study?,What is your level of study?,What country are you studying in?,Are you aware of AI tools like ChatGPT?,Do you use AI tools in your education?,"If yes, in what ways do you use AI tools for learning?",Do you use AI tools to understand difficult topics taught in class?,How frequently do you use AI tools for understanding difficult topics?,Do you use AI tools as an aid in completing assignments?,How often do you use AI tools for assignments?,"When completing assignments, do you still conduct additional research beyond AI-generated responses?",How effective do you think AI tools are in explaining difficult topics and improving your understanding?,Can you provide an example of when an AI tool helped you understand a concept better?,How would you describe your dependence on AI tools for school work?,"If you feel dependent on AI tools, in what ways do you rely on them?",Do you have concerns about how frequently you use AI tools for academic work?,"Since you started using AI tools, do you feel your academic performance has improved?",What suggestions do you have for making AI tools more beneficial in education?
,,,,,,,,,Yes - I do consent,No - I do not consent,Response,Response,Open-Ended Response,Response,Open-Ended Response,Response,Response,Open-Ended Response,Response,Response,Response,Response,Response,Response,Open-Ended Response,Response,Open-Ended Response,Response,Response,Open-Ended Response
14031422228,330371016,03/28/2025 10:58:50 PM,03/28/2025 11:01:45 PM,5.151.198.73,,,,,Yes - I do consent,,Female,18-20,LLB,Undergraduate,United Kingdom,Yes,Yes,I use it for research,Yes,Sometimes,No,Never,Depending on the assignment,Moderately effective,When I do not understand a particular subject of I need more information ,Not dependent at all,I am not dependent on AI,No,Yes,I only use AI for research 
14031347953,330371016,03/26/2025 06:58:48 PM,03/26/2025 07:02:35 PM,85.255.233.119,,,,,Yes - I do consent,,Female,21-23,Information Technology and Business Information Systems ,Undergraduate,United Kingdom ,Yes,Yes,I use AI to facilitate my understanding of my courses,Yes,Often,Yes,Always,Depending on the assignment,Very effective,I sometimes use it to understand my goals for TIME,Moderately dependent,"I use them to modify emails, chats and reports",Yes,Yes,I don't have any 
14031345703,330371016,03/26/2025 05:51:24 PM,03/26/2025 05:54:47 PM,86.187.172.160,,,,,Yes - I do consent,,Female,21-23,Information Technology and Business Information Systems ,Undergraduate,United Kingdom,Yes,Yes,To help clarify issues I have with my course ,Yes,Sometimes,Yes,Sometimes,Yes,Slightly effective,I don‚Äôt remember ,Slightly dependent,N/A,Yes,Yes,I have none
14031345568,330371016,03/26/2025 05:46:46 PM,03/26/2025 05:54:44 PM,109.144.20.123,,,,,Yes - I do consent,,Female,18-20,BSc Information Technology and Business Information Systems Top-Up ,Undergraduate,United Kingdom ,Yes,Yes,"To find ideas, find references and do assignments.",No,Sometimes,Yes,Often,Yes,Moderately effective,It simplified the concepts ,Moderately dependent,NA,Yes,Yes,None
14031345557,330371016,03/26/2025 05:46:05 PM,03/26/2025 05:53:48 PM,86.187.238.252,,,,,Yes - I do consent,,Female,21-23,Information Technology and Business Information Systems,Undergraduate,United Kingdom ,Yes,Yes,I use it for research ,Yes,Sometimes,Yes,Often,Yes,Very effective,I used ChatGPT to break down a concept i learnt in class by asking it to explain to a child ,Moderately dependent,N/A,No,Yes,make it more research-friendly instead of giving straightforward answers 
14031345585,330371016,03/26/2025 05:47:17 PM,03/26/2025 05:48:22 PM,109.144.26.52,,,,,Yes - I do consent,,Male,21-23,Information technology and business in systems ,Undergraduate,London ,,,,,,,,,,,,,,,
14031243879,330371016,03/23/2025 12:44:54 PM,03/23/2025 12:47:15 PM,109.147.137.160,,,,,Yes - I do consent,,Male,21-23,ITBIS,Undergraduate,England,Yes,Yes,"To break down topics, ",Yes,Often,Yes,Often,Yes,Very effective,With my last semester courses ,Moderately dependent,To understand difficult topics ,No,Yes,
14030684192,330371016,03/04/2025 10:25:50 PM,03/20/2025 10:27:22 AM,5.151.198.74,,,,,,,Female,18-20,IT and BIS,Undergraduate,United Kingdom,,,,,,,,,,,,,,,
14031150124,330371016,03/19/2025 05:28:51 PM,03/19/2025 06:11:11 PM,86.185.78.231,,,,,Yes - I do consent,,Female,24-26,Information Technology and Business Information Systems ,Undergraduate,United Kingdom ,Yes,Yes,To help break down topics in simple terms ,Yes,Often,Yes,Often,Yes,Very effective,Yes it helped me break down a hard topic to a simple format I could understand ,Slightly dependent,To help explain concepts better,Yes,Yes,To help students on how to use it effectively 
14031150320,330371016,03/19/2025 05:36:10 PM,03/19/2025 05:37:08 PM,161.51.220.239,,,,,,No - I do not consent,,,,,,,,,,,,,,,,,,,,
14031144121,330371016,03/19/2025 02:11:34 PM,03/19/2025 02:15:44 PM,5.151.198.76,,,,,Yes - I do consent,,Female,18-20,Healthcare science (audiology),Undergraduate,United Kingdom,Yes,Yes,I use it to give me an idea of the structure i can use for my assignments,No,Sometimes,Yes,Often,Yes,Moderately effective,When i ask Chat GPT to give me a structure for a case study,Slightly dependent,I rely on them mainly on structure more than content,No,Yes,Introducing it more in courses and examples on how to use it as many people do not know how to use it
14031071950,330371016,03/17/2025 12:20:55 PM,03/17/2025 12:23:30 PM,86.187.227.129,,,,,,,Male,21-23,IT and BIS,Undergraduate,UK,Yes,Yes,for studies,Yes,Often,Yes,Sometimes,Yes,Very effective,helped me understand engineering mathematics ,Moderately dependent,i don‚Äôt ,No,Yes,allow them to be included safely 
14031052439,330371016,03/16/2025 06:59:13 PM,03/16/2025 07:05:24 PM,105.113.32.24,,,,,,,Female,18-20,International relations ,Undergraduate,Nigeria ,Yes,Yes,For research purposes ,Yes,Sometimes,Yes,Rarely,Yes,Very effective,Explaining the concept of balance of power in international relations ,Moderately dependent,For research purposes   Explaining complicated topics,Yes,Not sure,Sometimes they don‚Äôt give the right answers to some questions which could cause misinformation so maybe fix that
14031052241,330371016,03/16/2025 06:49:35 PM,03/16/2025 06:52:35 PM,197.211.63.85,,,,,,,Female,18-20,Computer Science ,Undergraduate,Nigeria ,Yes,Yes,StuffüòÇ,Yes,Often,Yes,Often,Yes,Very effective,When I was writing and they boosted my ego,Moderately dependent,I tell chatgpt to boost my ego,Yes,Yes,They should copy what Thea is doing 
14030924713,330371016,03/12/2025 02:29:20 PM,03/16/2025 02:20:02 PM,102.90.96.229,,,,,,,Male,18-20,Medicine and surgery ,Undergraduate,Nigeria ,Yes,Yes,For further knowledge on the topic I am reading or when I need a simple understanding of the topic   ,Yes,Often,Yes,Sometimes,Depending on the assignment,Very effective,It made me understand the factors affecting cardiac output ,Slightly dependent,For further knowledge   Helping with assignments ,No,Yes,
14031034221,330371016,03/15/2025 07:39:21 PM,03/15/2025 07:42:27 PM,98.97.79.53,,,,,,,Female,18-20,Law,Undergraduate,Nigeria,Yes,Yes,Making research and creating calendars.,Yes,Sometimes,No,Rarely,Yes,Moderately effective,ChatGPT ,Not dependent at all,I don‚Äôt feel dependent on it,No,Yes,Correct answers 
14031020806,330371016,03/15/2025 09:56:44 AM,03/15/2025 10:02:05 AM,185.3.87.101,,,,,,,Female,18-20,IT & Business Information Systems,Undergraduate,UK,Yes,Yes,For research and more complicated tasks,Yes,Often,Yes,Often,Depending on the assignment,Very effective,When I used ai to understand the process of data analysis better for a project,Moderately dependent,For better understanding and research,Yes,Yes,Making it more efficient
14031015344,330371016,03/15/2025 06:02:32 AM,03/15/2025 06:05:20 AM,105.120.133.226,,,,,,,Female,18-20,Law,Undergraduate,Nigeria,Yes,Yes,Assignments ,Yes,Often,Yes,Always,Yes,Very effective,Helped me understand more on a topic I had a quiz on,Moderately dependent,For better understanding and more research ,No,Yes,I think it is already beneficial enough 
14031014666,330371016,03/15/2025 04:23:15 AM,03/15/2025 04:30:46 AM,51.15.4.101,,,,,,,Male,18-20,Science ,Undergraduate,Cameroon ,No,Yes,Research ,Yes,Often,Yes,Sometimes,Yes,Moderately effective,When it explain detaily ,Completely dependent,I rely on them 99% cause i know what they can do  ,Yes,Yes,It should be precise 
14031012786,330371016,03/14/2025 10:45:42 PM,03/14/2025 10:52:28 PM,102.90.102.137,,,,,,,Female,18-20,Medicine and Surgery ,Undergraduate,Nigeria ,Yes,Yes,"Research, assignment,more information ",Yes,Sometimes,Yes,Sometimes,Yes,Very effective,Research ,Moderately dependent,Research ,No,Yes,
14031008168,330371016,03/14/2025 06:58:21 PM,03/14/2025 07:01:51 PM,102.88.111.78,,,,,,,Male,21-23,PHYSICS ,Undergraduate,Nigeria ,Yes,Yes,For my studies ,Yes,Often,Yes,Sometimes,Depending on the assignment,Very effective,Yes,Moderately dependent,Answer to my questions ,No,Yes,Nothing 
14031007365,330371016,03/14/2025 06:29:19 PM,03/14/2025 06:34:40 PM,197.211.58.47,,,,,,,Male,24-26,Health science ,"Postgraduate (Master‚Äôs, PhD, etc.)",Nigeria ,Yes,Yes,Research work ,Yes,Often,Yes,Often,Depending on the assignment,Very effective,I got to know a topic taught in class ,Highly dependent,For research purposes ,No,Yes,It should be able to cover a vast knowledge 
14031007087,330371016,03/14/2025 06:19:56 PM,03/14/2025 06:21:32 PM,105.113.111.123,,,,,,,Male,18-20,Creative arts ,Undergraduate,Nigeria ,,,,,,,,,,,,,,,
14031005740,330371016,03/14/2025 05:42:19 PM,03/14/2025 05:47:02 PM,102.88.83.127,,,,,,,Female,18-20,Medical laboratory science,Undergraduate,Nigeria,Yes,Yes,Research,Yes,Sometimes,Yes,Sometimes,Yes,Moderately effective,In Physics on Gravitational constant,Slightly dependent,When I can find the information in my text books or note book,Yes,Yes,Create space for interactive discussion on the topic between user and Ai
14031002921,330371016,03/14/2025 04:33:53 PM,03/14/2025 04:36:39 PM,197.210.84.12,,,,,,,Female,18-20,Medicine and surgery ,Undergraduate,Nigeria,Yes,Yes,Understanding complex terms ,Yes,Always,Yes,Often,Yes,Moderately effective,While studying enzyme assay ,Moderately dependent,I don‚Äôt feel dependent ,No,Not sure,None 
14031002829,330371016,03/14/2025 04:31:08 PM,03/14/2025 04:35:31 PM,105.120.128.126,,,,,,,Male,21-23,Law,Undergraduate,Nigeria ,Yes,Yes,By making use of it advanced research and reasoning tools ,Yes,Sometimes,No,Rarely,Yes,Moderately effective,It simplified some words I found complex while conducting a research for my assignment ,Slightly dependent,Their manner of explanation ,No,Yes,It's improvement in Nigeria cases will be much appreciated 
14031001302,330371016,03/14/2025 03:47:58 PM,03/14/2025 03:54:09 PM,102.90.103.103,,,,,,,Male,18-20,Law,Undergraduate,Nigeria ,Yes,Yes,I use it to make some research ,Yes,Often,Yes,Sometimes,Yes,Very effective,I was at a loos in Introduction to Psychology but when I used AI to learn it there was a serious breakthrough ,Moderately dependent,I rely on AI when I need to understand difficult topics and when doing some assignments ,No,Yes,To be honest AI is great all I can say is that there should be a broader response to some questions 
14030999711,330371016,03/14/2025 03:07:27 PM,03/14/2025 03:14:55 PM,105.113.34.90,,,,,,,Female,18-20,Medicine,Undergraduate,Nigeria,Yes,Yes,For elaborating more on a concept ,Yes,Often,Yes,Always,No,Moderately effective,While I was studying a slide on genetics. Chat gpt broke down the concepts,Slightly dependent,I don‚Äôt ,No,No,None for now
14030999646,330371016,03/14/2025 03:06:18 PM,03/14/2025 03:09:38 PM,105.113.34.28,,,,,,,Male,21-23,Law,Undergraduate,Nigeria,Yes,No,I don‚Äôt always use it for learning,Yes,Often,No,Rarely,Yes,Moderately effective,When it explained monism and dualism. ,Moderately dependent,I don‚Äôt feel dependent on AI tools,No,Yes,
14030995976,330371016,03/14/2025 01:42:17 PM,03/14/2025 01:45:39 PM,105.120.135.17,,,,,,,Male,21-23,law ,"Postgraduate (Master‚Äôs, PhD, etc.)",Nigeria ,Yes,Yes,a lot of ways.,Yes,Often,Yes,Often,Yes,Moderately effective,can't keep count.,Moderately dependent,i rely on them to get the job done.,No,Yes,repetitive answers should be minimised.
14030995741,330371016,03/14/2025 01:37:54 PM,03/14/2025 01:41:03 PM,102.90.102.127,,,,,,,Female,18-20,Medicine and surgery ,Undergraduate,Nigeria,Yes,Yes,Medical stuffs.,Yes,Often,Yes,Sometimes,Yes,Very effective,In learning neuroscience ,Highly dependent,Researching medical vocabulary ,Yes,Yes,Increase the accuracy and efficiency 
14030995154,330371016,03/14/2025 01:24:52 PM,03/14/2025 01:29:44 PM,102.89.41.148,,,,,,,Female,21-23,Pharmacy ,Undergraduate,Nigeria,Yes,Yes,To research ,Yes,Always,Yes,Always,Yes,Very effective,When I had a difficult project to do Ai put me through ,Highly dependent,For research ,Yes,Yes,AI should help in practical courses. In Nigeria we don‚Äôt have adequate facilities for practicals . AI will be very beneficial if we can be doing our practicals with it 
14030993913,330371016,03/14/2025 12:59:14 PM,03/14/2025 01:02:22 PM,105.120.135.249,,,,,,,Male,18-20,Law,Undergraduate,Nigeria ,Yes,Yes,Mainly researching ,Yes,Often,Yes,Sometimes,Yes,Very effective,It helped me understand the application of S24 of the Nigerian criminal code.,Moderately dependent,I usually rely on them for simplicity of law topics ,No,Not sure,I think it needs to be promoted in schools
14030986860,330371016,03/14/2025 10:56:28 AM,03/14/2025 11:11:59 AM,102.90.42.195,,,,,,,Male,21-23,Law,Undergraduate,Nigeria ,Yes,Yes,"Just to look up complex legal terms, for it to provide a more elaborate and examplery definition using simple choice of words and illustrations.",Yes,Sometimes,No,Sometimes,Yes,Moderately effective,"Uhm, that would be when Ai helped me explain who the friend of the court is and also simply word by word, the different Latin maxims I sent to it",Not dependent at all,I don't feel dependant on it,No,Not sure,They should make it more accessible and extend the word limit 
14030986368,330371016,03/14/2025 10:46:04 AM,03/14/2025 10:55:42 AM,105.120.133.218,,,,,,,Female,18-20,Nursing ,Undergraduate,Nigeria ,Yes,Yes,It helps me explain and research ,Yes,Often,Yes,Often,No,Moderately effective,Sociological help in nursing ,Moderately dependent,Academically ,No,Yes,I have no Idea 
14030985304,330371016,03/14/2025 10:24:50 AM,03/14/2025 10:50:45 AM,102.88.108.141,,,,,,,Female,24-26,Law,Undergraduate,Nigeria,Yes,Yes,In research ,Yes,Sometimes,Yes,Always,No,Very effective,Res Ipsa Loquitur. Usually it answers your questions based on what you ask it. Otherwise it can generate a wrong response ,Slightly dependent,Mostly for research and assignments ,No,Not sure,"Well, with respect to chatgpt, they've improved their search spectrum to cover the internet more vastly, however I'll suggest they once the core point is stated they should provide the searcher on all it can find regarding it and the stipulated authorities "
14030985940,330371016,03/14/2025 10:34:56 AM,03/14/2025 10:42:56 AM,102.90.97.212,,,,,,,Male,18-20,Law,Undergraduate,Nigeria,Yes,Yes,Research ,Yes,Often,Yes,Often,Depending on the assignment,Moderately effective,It made my understand the components of a vessel (ship) better,Moderately dependent,Minor research ,Yes,Yes,Software update 
14030985484,330371016,03/14/2025 10:28:48 AM,03/14/2025 10:32:13 AM,105.113.32.26,,,,,,,Male,18-20,Medicine and surgery ,Undergraduate,Nigeria ,Yes,Yes,Writing tests  Helps very well in assignments and projects ,Yes,Always,Yes,Always,Depending on the assignment,Very effective,Last time I was reading a topic (phylum nematoda) in parasitology ,Completely dependent,Very much ,No,Yes,It's should give percice answer and shorter notes 
14030985510,330371016,03/14/2025 10:29:15 AM,03/14/2025 10:31:34 AM,102.90.101.244,,,,,,,Male,18-20,Law,Undergraduate,Nigeria ,Yes,Yes,Law ,Yes,Often,Yes,Often,Depending on the assignment,Moderately effective,Negligence ,Moderately dependent,Explanation ,No,Yes,Make it more detailed in results and more explanatory 
14030985248,330371016,03/14/2025 10:23:36 AM,03/14/2025 10:28:50 AM,105.120.133.203,,,,,,,Male,21-23,Law,Undergraduate,Nigeria ,Yes,No,No,Yes,Often,Yes,Sometimes,Yes,Moderately effective,In the aspect of universal jurisdiction ,Slightly dependent,Not so much ,Yes,Not sure,Checkmate against abuse
14030985144,330371016,03/14/2025 10:22:16 AM,03/14/2025 10:26:55 AM,105.113.32.26,,,,,,,Male,21-23,Law,Undergraduate,Nigeria ,Yes,Yes,For quick research on legal cases and principles ,Yes,Often,Yes,Sometimes,Yes,Moderately effective,When I wanted to understand the concept of insanity as relating to the case of Mohamed v state     And also the application of section 24 of the criminal code in the Nigerian legal system ,Moderately dependent,Not really dependent ,No,Yes,At the moment and with the current advancement it's good 
14030984672,330371016,03/14/2025 10:11:56 AM,03/14/2025 10:17:21 AM,105.113.32.195,,,,,,,Female,18-20,Law,Undergraduate,Nigeria ,Yes,Yes,I use it to research and to find simpler ways to understand topics,Yes,Sometimes,Yes,Sometimes,Depending on the assignment,Very effective,I needed a concise definition on public and private law because all the definitions I saw in my textbooks were very long so ai gave me a shorter version and it stuck,Slightly dependent,I do not feel dependent on ai because I don't use it all the time ,No,Yes,
14030964086,330371016,03/13/2025 04:41:22 PM,03/13/2025 04:43:51 PM,197.210.226.112,,,,,,,Male,18-20,Computer Science,Undergraduate,Nigeria,Yes,Yes,More information about Tech,Yes,Often,Yes,Sometimes,Depending on the assignment,Very effective,Quantum computing ,Highly dependent,More information ,Yes,Yes,It‚Äôs good tho. 
14030960715,330371016,03/13/2025 02:56:20 PM,03/13/2025 03:10:13 PM,197.210.55.249,,,,,,,Female,18-20,Radiography ,Undergraduate,Dudai,Yes,Yes,I use it to get more points and different explanation on topics I study,Yes,Often,Yes,Often,Yes,Extremely effective,Managing panic attacks ,Moderately dependent,Moderately dependent ,No,Yes,Be more efficient in solving mathematical problems 
14030958354,330371016,03/13/2025 01:49:18 PM,03/13/2025 01:52:18 PM,105.113.34.192,,,,,,,Male,21-23,Accounting ,Undergraduate,Nigeria ,,,,,,,,,,,,,,,
14030957154,330371016,03/13/2025 01:16:50 PM,03/13/2025 01:17:39 PM,102.91.104.67,,,,,,,Male,21-23,Accountancy ,Undergraduate,Nigeria ,,,,,,,,,,,,,,,
14030947767,330371016,03/13/2025 09:02:13 AM,03/13/2025 09:33:55 AM,105.112.184.162,,,,,,,Female,21-23,Accountancy,Undergraduate,Nigeria ,Yes,Yes,For my assignments,Yes,Often,Yes,Often,Depending on the assignment,Very effective,There were topics in Taxation classes like capital allowance that I told AI to help me break it down  to layman's term with explanation of relevant terms and it really gave me what I needed,Moderately dependent,Basically for research and explanations ,No,Yes,
14030946501,330371016,03/13/2025 08:22:41 AM,03/13/2025 08:28:27 AM,197.211.63.44,,,,,,,Female,21-23,Accountancy ,Undergraduate,Nigeria ,Yes,Yes,Getting information to aid my understanding ,Yes,Sometimes,Yes,Sometimes,Depending on the assignment,Moderately effective,It has helped break down topics to my understanding ,Moderately dependent,In getting information ,No,Yes,It should be able to cover other areas like igbo language 
14030945725,330371016,03/13/2025 07:45:21 AM,03/13/2025 08:00:23 AM,105.120.129.39,,,,,,,Male,21-23,Accountancy,Undergraduate,Nigeria ,Yes,Yes,Research and all,Yes,Sometimes,Yes,Often,Depending on the assignment,Extremely effective,ChatGPT,Highly dependent,Assignment ways,Yes,Yes,"Though I use it, I see it's negative effects, and I suggest the scholl set up a structure to how students use ai."
14030945058,330371016,03/13/2025 07:31:05 AM,03/13/2025 07:37:10 AM,146.70.127.130,,,,,,,Male,24-26,Accountancy,Undergraduate,Nigeria,Yes,Yes,Asking question on things that I don't know,Yes,Sometimes,Yes,Sometimes,Yes,Very effective,On explaining in details what tax incentive is,Slightly dependent,On Confusing matters ,Yes,Yes,It is important but equally have it's own negative effect if student totally depends on it
14030942350,330371016,03/13/2025 04:32:44 AM,03/13/2025 04:36:39 AM,102.90.101.65,,,,,,,Female,18-20,Medicine and Surgery ,Undergraduate,Nigeria ,Yes,Yes,Asking and answering questions ,Yes,Often,Yes,Often,Depending on the assignment,Very effective,Chat gpt,Highly dependent,Academic and others ,No,Yes,
14030942069,330371016,03/13/2025 03:40:57 AM,03/13/2025 03:46:20 AM,105.120.132.55,,,,,,,Female,18-20,Clinical sciences ,Undergraduate,Nigeria ,Yes,Yes,Assignments  Research   And to understand more difficult things ,Yes,Always,Yes,Sometimes,Yes,Moderately effective,Meta ai   Gemini ,Slightly dependent,No,Yes,Yes,
14030941262,330371016,03/13/2025 01:13:24 AM,03/13/2025 01:18:33 AM,197.211.63.151,,,,,,,Male,18-20,Medical Rehabilitation ,Undergraduate,Nigeria,Yes,Yes,To make research and gets solutions to some past questions ,Yes,Sometimes,Yes,Rarely,Yes,Moderately effective,When I needed some answers to some past questions. Though they weren't 100 percent correct but it was something ,Moderately dependent,I don't rely on them cause their answers aren't always correct.,Yes,Not sure,Stating out when the answers provided aren't 100% correct.
14030940580,330371016,03/12/2025 11:41:48 PM,03/12/2025 11:45:09 PM,102.90.100.8,,,,,,,Male,18-20,Mechanical Engineering ,Undergraduate,Nigeria,Yes,Yes,"Doing researchs, projects and assignments ",Yes,Sometimes,Yes,Often,Yes,Very effective,Doing a research on interstellar exploration ,Moderately dependent,Often rely on them,Yes,Yes,"From my perspective, I don't have any suggestions "
14030939993,330371016,03/12/2025 10:46:38 PM,03/12/2025 10:49:49 PM,102.90.100.121,,,,,,,Male,18-20,Medicine ,Undergraduate,Nigeria,Yes,Yes,Everything ,Yes,Often,Yes,Always,Depending on the assignment,Very effective,ChatGPT,Moderately dependent,Things I don't understand ,No,Yes,None
14030935002,330371016,03/12/2025 06:49:27 PM,03/12/2025 07:14:43 PM,102.90.43.132,,,,,,,Male,24-26,Accountancy,Undergraduate,Nigeria,Yes,Yes,Asking for further clarification on a specific difficult topics ,Yes,Always,Yes,Often,Depending on the assignment,Very effective,"from my 3rd year to final year especially during exams, helped me to solve few past questions ",Moderately dependent,informational dependence (quick answers and data analysis),Yes,Yes,"personalized learning- which includes; Adaptive assessments, customized learning path and intelligent tutorial systems   by implementing this suggestion, Ai tools can become more beneficial to education, enhancing teaching, learning and student outcomes "
14030935390,330371016,03/12/2025 07:04:43 PM,03/12/2025 07:06:10 PM,102.90.103.57,,,,,,,Female,24-26,Accountancy,Undergraduate,Nigeria ,,,,,,,,,,,,,,,
14030934601,330371016,03/12/2025 06:36:33 PM,03/12/2025 06:44:47 PM,197.210.226.175,,,,,,,Female,18-20,Microbiology,Undergraduate,Nigeria,Yes,Yes,for more research,Yes,Often,Yes,Often,Yes,Moderately effective,"when i did not understand a particular topic in one of my courses, AI helped to explain better.",Moderately dependent,"assignments, difficult questions, revisions for exams.",No,Yes,AI should be able to understand topics taught in school irrespective of the course.
14030934428,330371016,03/12/2025 06:32:06 PM,03/12/2025 06:41:54 PM,197.210.84.89,,,,,,,Female,21-23,Accountancy ,Undergraduate,Nigeria ,Yes,Yes,In ways such as:  1. Assignment  2. Tackling difficult questions  3. Research ,Yes,Sometimes,Yes,Sometimes,Yes,Very effective, I used AI tool during my professional exam(I CAN) preparation to understand certain concepts and topics better.,Moderately dependent,I rely on them in understanding certain concepts and calculations better ,No,Yes,AI will be very beneficial in education to help students in their learning process but AI shouldn't be over / extremely dependent upon in learning .
14030934053,330371016,03/12/2025 06:19:54 PM,03/12/2025 06:24:22 PM,102.90.103.218,,,,,,,Male,21-23,Accounting ,Undergraduate,Nigeria ,Yes,Yes,For research ,Yes,Sometimes,Yes,Sometimes,Yes,Moderately effective,Monetary policy theory,Moderately dependent,"I feel moderately dependent on AI tools, they help me to learn and conduct research ",No,Yes,Some of them are not updated until it's next version thereby providing researchers with outdated information 
14030933831,330371016,03/12/2025 06:13:14 PM,03/12/2025 06:15:54 PM,102.90.103.236,,,,,,,Female,18-20,Medicine and surgery ,Undergraduate,Nigeria ,Yes,Yes,For assignments and critical thinking ,Yes,Sometimes,Yes,Sometimes,Yes,Extremely effective,Chat GPT,Moderately dependent,Not always ,No,Yes,For assignments 
14030933256,330371016,03/12/2025 05:55:29 PM,03/12/2025 06:04:25 PM,197.210.78.188,,,,,,,Female,18-20,Accounting ,Undergraduate,Nigeria ,Yes,Yes,Mostly for questions and answers coz it's easier ,Yes,Often,Yes,Often,Depending on the assignment,Moderately effective,"I was trying to get a better understanding on What my lecturer taught, then I ask Ai ad it delivered properly ",Moderately dependent,I rely on them mostly for my assignments,Yes,Yes,I don't have any suggestions
14030933224,330371016,03/12/2025 05:54:11 PM,03/12/2025 06:03:55 PM,197.211.63.62,,,,,,,Female,21-23,Accountancy ,Undergraduate,Nigeria ,Yes,Yes,I use them as a research tool for doing my assignments ,Yes,Often,Yes,Often,Yes,Very effective,"Chat gpt, meta AI",Moderately dependent,Just for embarking on researches ,No,Yes,No suggestions 
14030933084,330371016,03/12/2025 05:48:19 PM,03/12/2025 05:55:05 PM,197.211.63.72,,,,,,,Female,21-23,Accountancy ,Undergraduate,Nigeria ,Yes,Yes,"For assignments, projects, checking meaning of things and making research. ",Yes,Always,Yes,Always,Depending on the assignment,Extremely effective,I used it to read a difficult topic for my exams,Completely dependent,Every educational aspect. ,Yes,Yes,"Student to make use of artificial intelligence, its helps, it grows your area of thinking most times"
14030933132,330371016,03/12/2025 05:50:05 PM,03/12/2025 05:53:22 PM,197.210.226.168,,,,,,,Female,18-20,Accountancy ,Undergraduate,Nigeria ,Yes,Yes,"For research, assignment and further study",Yes,Often,Yes,Often,Yes,Very effective,When I was having difficulty understanding a course I asked chat gpt questions concerning it and it gave me answers ,Moderately dependent,For assignments and further study,No,Yes,That it should incorporated in our day to day study and classes
14030932496,330371016,03/12/2025 05:31:59 PM,03/12/2025 05:34:43 PM,197.211.63.99,,,,,,,Female,18-20,Nursing ,Undergraduate,Nigeria ,Yes,Yes,Research and learning ,Yes,Often,Yes,Often,Yes,Extremely effective,Difficult topics and concepts taught during lectures ,Moderately dependent,Academic help ,Yes,Yes,None
14030931626,330371016,03/12/2025 05:07:52 PM,03/12/2025 05:12:33 PM,172.59.213.180,,,,,,,Female,21-23,Cybersecurity ,Undergraduate,United States ,Yes,Yes,For difficult questions ,Yes,Sometimes,No,Sometimes,Yes,Moderately effective,I can‚Äôt really say,Moderately dependent,I don‚Äôt feel,No,Yes,Make me financially stable 
14030931520,330371016,03/12/2025 05:04:45 PM,03/12/2025 05:09:12 PM,105.120.132.179,,,,,,,Male,18-20,Mass communication ,Undergraduate,Nigeria,Yes,Yes,Research purposes  ,Yes,Often,Yes,Often,Yes,Very effective,When I needed help with a literary term,Highly dependent,Many ways ,No,Yes,Very beneficial 
14030931086,330371016,03/12/2025 04:55:19 PM,03/12/2025 04:58:23 PM,102.89.47.68,,,,,,,Female,18-20,Physiology ,Undergraduate,Nigeria,No,No,Nope i dont use it,No,Rarely,Yes,Rarely,Yes,Moderately effective,Chernobyl Accident research ,Slightly dependent,I am not dependent,No,Not sure,
14030931051,330371016,03/12/2025 04:53:39 PM,03/12/2025 04:57:41 PM,102.90.98.87,,,,,,,Female,18-20,Medicine ,Undergraduate,Nigeria ,Yes,Yes,Medical related courses,Yes,Often,Yes,Rarely,Yes,Very effective,In difficult calculations ,Slightly dependent,Academic management ,No,Yes,There should be audio and visual provision 
14030929075,330371016,03/12/2025 04:03:35 PM,03/12/2025 04:09:46 PM,129.222.205.113,,,,,,,Female,18-20,Biotechnology ,Undergraduate,Nigeria ,Yes,Yes,For research purposes ,Yes,Often,Yes,Always,Depending on the assignment,Moderately effective,Like when we were asked to create a complete business plan ,Moderately dependent,In helping me understand more than what I was taught ,Yes,Not sure,I feel like it should be more realistic and communicable and should be able to be more practical and effective 
14030928872,330371016,03/12/2025 04:00:08 PM,03/12/2025 04:04:01 PM,68.168.31.134,,,,,,,Female,21-23,International relations ,Undergraduate,Nigeria ,Yes,Yes,Learning ,Yes,Always,Yes,Always,Yes,Very effective,During my exams ,Highly dependent,"Assignment, research, project ",No,Yes,Creating a way it can be used in robot too
14030927864,330371016,03/12/2025 03:35:19 PM,03/12/2025 03:38:47 PM,102.90.98.105,,,,,,,Female,18-20,Pharmacy ,Undergraduate,United states of America,Yes,Yes,"For Assignment, for assistance ",Yes,Always,Yes,Always,Depending on the assignment,Moderately effective,"When i was taught Organometallic compounds, it taught me in bits",Highly dependent,"About my feelings, help outs",Yes,Yes,Videos
14030927130,330371016,03/12/2025 03:18:35 PM,03/12/2025 03:20:16 PM,89.8.133.109,,,,,,,Female,31+,Nursing ,"Postgraduate (Master‚Äôs, PhD, etc.)",USA ,Yes,No,Assignment ,Yes,Sometimes,Yes,Sometimes,Yes,Moderately effective,During home work,Not dependent at all,For notes ,Yes,No,More accessible during courses 
14030926319,330371016,03/12/2025 03:03:56 PM,03/12/2025 03:20:06 PM,105.120.134.104,,,,,,,Male,18-20,Computer science,Undergraduate,Uk,Yes,Yes,"I use tools like chatgpt to better understand programming concepts like data structures and algorithms, advanced JavaScript and nodejs concepts. As well as in my essays and writing to provide faster results and understand these concepts beyond surface level and their real world use case",Yes,Often,No,Sometimes,Yes,Moderately effective,"As mentioned. I was recently learning data structures and algorithms in JavaScript as well as event loops. I was finding it difficult to erapy head around the whole microtasks and macro tasks concepts the check phase and poll phase. But after prompting chatgpt correctly. It was able to demystify everything for me and give me code and real life examples. Now I know this nodejs engine is a single threaded synchronous engine that listens for events and taks to perform following the FIFO process. Although it is single threaded, it is non blocking because of the ability to run asynchronous events and task. I will stop hereüòÅ",Moderately dependent,"As a software engineer, I use them to familiarize myself if a new codebase, what were some libraries and dependencies used for, I use them to polish and proof read my writings. I use them to catch syntax errors and bugs in my code I might have missed. I also use then to learn a few new concepts and best practices when using a software. Who knows I might I have used it in this survey üòâü§∑üèΩ‚Äç‚ôÇÔ∏è",No,Yes,AI can never be error prone. But what I would suggest is to train it with standardised curriculum data
14030926523,330371016,03/12/2025 03:07:14 PM,03/12/2025 03:13:58 PM,102.90.102.3,,,,,,,Female,18-20,Medicine & Surgery ,Undergraduate,Nigeria,Yes,Yes,In learning some hard concepts ,Yes,Often,Yes,Sometimes,Depending on the assignment,Very effective,When trying to understand a concept it explained to me in simpler terms befitting for a medical student ,Moderately dependent,Majorly for breaking down difficult concepts to simpler terms ,No,Not sure,Not so sure
14030925887,330371016,03/12/2025 02:56:05 PM,03/12/2025 03:12:04 PM,148.197.248.36,,,,,,,Female,18-20,Software engineering,Undergraduate,UK,Yes,Yes,I use it to understand concepts taught in school better.  I use it to get links to videos or articles where I can read about topics and get an in-depth understanding.,Yes,Always,Yes,Sometimes,Yes,Very effective,The most recent concept would be how NFC or RFID chips are used in races.  It helped me visualize how they work and understand how to implement/utilize them in an application I'm building.,Moderately dependent,"It helps find solutions to certain problems more efficiently and the reason I need to be efficient is because in school, there are so many deadlines. Spending hours scrolling through StackOverflow, Reddit and Google to find the cause of a problem is very unproductive.",No,No,
14030926452,330371016,03/12/2025 03:06:11 PM,03/12/2025 03:10:22 PM,105.120.128.115,,,,,,,Female,21-23,Nursing science ,Undergraduate,Nigeria,Yes,Yes,For research‚Äôs and asking direct problem questions ,Yes,Always,Yes,Often,Depending on the assignment,Extremely effective,When I don‚Äôt understand I usually ask ai to explain that particular topic to a child then a high school student using effective examples and that has always helped me ,Moderately dependent,For school research and better understanding of certain topics ,No,Not sure,
14030926510,330371016,03/12/2025 03:07:16 PM,03/12/2025 03:09:10 PM,86.11.18.227,,,,,,,Female,18-20,Medicine ,Undergraduate,Nigeria,Yes,Yes,ChatGPT,Yes,Often,Yes,Often,Yes,Very effective,"No, I can't ",Moderately dependent,I don't know ,Yes,Yes,
14030926427,330371016,03/12/2025 03:05:48 PM,03/12/2025 03:06:54 PM,102.90.102.21,,,,,,,Female,18-20,Medicine ,Undergraduate,Nigeria ,,,,,,,,,,,,,,,
14030926008,330371016,03/12/2025 02:58:58 PM,03/12/2025 03:03:15 PM,102.90.98.220,,,,,,,Male,18-20,Medicine and Surgery,Undergraduate,Nigeria,Yes,Yes,"For assignments, research or generation of questions in preparation for tests and exams ",Yes,Often,Yes,Often,Depending on the assignment,Very effective,The concept of mitosis and meiosis,Moderately dependent,Many ways,Yes,Yes,None
14030926065,330371016,03/12/2025 02:59:26 PM,03/12/2025 03:00:39 PM,129.222.206.201,,,,,,,Female,18-20,Medicine and Surgery ,Undergraduate,Nigeria,,,,,,,,,,,,,,,
14030925002,330371016,03/12/2025 02:35:19 PM,03/12/2025 02:45:06 PM,197.211.63.29,,,,,,,Male,21-23,Nursing sci. ,Undergraduate,Nigeria ,Yes,Yes,For academic research purposes ,Yes,Sometimes,Yes,Sometimes,Yes,Very effective,In typical example where it helped  to analyze as exactly as being taught ,Slightly dependent,In cases where i couldn't find the material in school library  then i rely toward it ,Yes,Yes,I suggest they analyze task given too easy to understand. I. E creating a precise answer rather than being dynamic with them 
14030925110,330371016,03/12/2025 02:37:57 PM,03/12/2025 02:43:22 PM,102.90.102.32,,,,,,,Female,18-20,Pharmacy ,Undergraduate,Nigeria,Yes,Yes,I ask questions on topics I don't understand ,Yes,Sometimes,Yes,Sometimes,Yes,Moderately effective,Like in physics I wanted to answer a question on pendulum and it explained taught about compound pendulum that I didn't know existed ,Slightly dependent,When I am faced with difficulty on a topic ,No,Yes,I feel that it should explain the topics extensively 
14030923882,330371016,03/12/2025 02:11:26 PM,03/12/2025 02:15:07 PM,102.90.101.14,,,,,,,Male,18-20,Medicine and surgery ,Undergraduate,Nigeria ,Yes,Yes,Research and study ,Yes,Often,Yes,Sometimes,Depending on the assignment,Very effective,Dangers of alcohol ,Slightly dependent,Research ,No,Yes,Improving Accuracy 
14030922234,330371016,03/12/2025 01:35:17 PM,03/12/2025 01:39:12 PM,197.210.55.4,,,,,,,Female,18-20,Medical radiography ,Undergraduate,Nigeria ,Yes,Yes,Simplifying complicated texts ,Yes,Always,Yes,Always,Yes,Very effective,Exams,Highly dependent,Mainly school wotk,No,Yes,Making the answers specific 
14030922185,330371016,03/12/2025 01:31:48 PM,03/12/2025 01:35:55 PM,102.23.96.12,,,,,,,Male,18-20,Medicine and Surgery ,Undergraduate,Nigeria,,,,,,,,,,,,,,,
14030921459,330371016,03/12/2025 01:18:07 PM,03/12/2025 01:30:29 PM,102.90.46.17,,,,,,,Female,21-23,Pharmacy ,Undergraduate,Nigeria ,Yes,Yes,Assignment ,Yes,Always,Yes,Always,Yes,Moderately effective,Assignment ,Moderately dependent,Learning ,Yes,Yes,It helps in learning 
14030921789,330371016,03/12/2025 01:25:31 PM,03/12/2025 01:30:02 PM,105.120.135.45,,,,,,,Female,18-20,History and International Relations ,Undergraduate,Nigeria ,Yes,Yes,"For research, assignments, presentations etc",Yes,Often,Yes,Often,Depending on the assignment,Very effective,When I needed to understand the Marxist theory for a presentation.,Highly dependent,For almost everything ,Yes,Yes,Teacher and lecturers should allow it.
14030921703,330371016,03/12/2025 01:23:27 PM,03/12/2025 01:27:25 PM,102.90.42.130,,,,,,,Male,18-20,Software Engineering ,Undergraduate,Nigeria ,Yes,Yes,Mostly in assignments and research ,Yes,Often,Yes,Often,Yes,Very effective,It helped explain binomial theorem in my last math revision for an exam,Slightly dependent,"Explanations, assignments, revisions ",Yes,Yes,I'd prefer if they could explain more in detail 
14030920849,330371016,03/12/2025 01:05:35 PM,03/12/2025 01:06:28 PM,105.120.132.255,,,,,,,Female,18-20,Medical laboratory ,Undergraduate,Nigeria,,,,,,,,,,,,,,,
14030920600,330371016,03/12/2025 12:59:18 PM,03/12/2025 01:03:01 PM,102.90.98.162,,,,,,,Male,18-20,Anatomy ,Undergraduate,Nigeria ,Yes,Yes,Easy and effective learning ,Yes,Always,No,Sometimes,Depending on the assignment,Extremely effective,Gross anatomy ,Moderately dependent,I don't feel much dependent on ai,No,Yes,
14030920533,330371016,03/12/2025 12:58:18 PM,03/12/2025 12:58:44 PM,174.170.241.132,,,,,,,Female,18-20,Cybersecurity ,Undergraduate,United States,,,,,,,,,,,,,,,
14030920341,330371016,03/12/2025 12:53:52 PM,03/12/2025 12:58:43 PM,197.210.227.173,,,,,,,Male,24-26,Mass communication ,Undergraduate,Nigeria ,Yes,Yes,Creating content ideas ,Yes,Always,Yes,Always,Depending on the assignment,Extremely effective,"Meta ai, Sonic, chatgpt",Completely dependent,They are my besties,No,Yes,"In making notes, students can get materials from AI. "
14030920073,330371016,03/12/2025 12:47:05 PM,03/12/2025 12:55:15 PM,152.37.64.116,,,,,,,Male,21-23,formation Technology and Business Information Systems,Undergraduate,United kingdom,Yes,Yes,I make use of AI in breaking down and explaining complex topics and also for my personalized learning.,Yes,Always,Yes,Often,Yes,Extremely effective,"AI tools like ChatGPT, Deep Seek and Copilot have helped me grasp complex topics by breaking them down into simpler terms. For example, when studying database normalization, AI explained the differences between 1NF, 2NF, and 3NF with real-world examples, making it easier to understand.",Moderately dependent,"I use AI for quick explanations, brainstorming ideas, summarizing content, and generating code snippets. However, I balance it with critical thinking and traditional learning methods to avoid over-reliance.",Yes,Yes,"AI should integrate with lesson plans, helping teachers enhance their teaching rather than replace them."
14030920305,330371016,03/12/2025 12:53:13 PM,03/12/2025 12:54:01 PM,105.120.133.38,,,,,,,Female,18-20,Applied biology and biotechnology ,Undergraduate,Nigeria ,,,,,,,,,,,,,,,
14030920116,330371016,03/12/2025 12:47:50 PM,03/12/2025 12:53:08 PM,169.150.218.59,,,,,,,Male,21-23,Software Engineering,Undergraduate,,Yes,Yes,"I use them to conduct research, and engage in insightful about relevant topics",Yes,Often,Yes,Often,Yes,Very effective,"In cryptography, I had time understanding the online articles out there about merkle trees, but with the help of AI, which was able to break it down to a very basic level, made me understand it much more quickly",Moderately dependent,I rely on them to help explaining completely new concepts,Yes,Yes,
14030920133,330371016,03/12/2025 12:48:17 PM,03/12/2025 12:52:24 PM,92.40.175.94,,,,,,,Female,21-23,IT and Business Information Systems ,Undergraduate,United Kingdom,Yes,Yes,Search difficult questions ,Yes,Sometimes,Yes,Sometimes,Yes,Very effective,For a Business Intelligence project report ,Moderately dependent,To make more research and give me more solid sources,Yes,Yes,More research information 
14030919798,330371016,03/12/2025 12:39:23 PM,03/12/2025 12:42:26 PM,109.144.223.193,,,,,,,Male,18-20,BSs information technology and business information systems ,Undergraduate,Uk,,,,,,,,,,,,,,,
14030838034,330371016,03/10/2025 03:52:50 PM,03/11/2025 05:36:41 PM,104.28.86.101,,,,,,,Male,24-26,INFORMATION TECHNOLOGY AND BUSINESS INFORMATION SYSTEMS ,Undergraduate,UNITED KINGDOM,,,,,,,,,,,,,,,
14030873187,330371016,03/11/2025 01:29:26 PM,03/11/2025 01:42:21 PM,31.94.18.188,,,,,,,Male,24-26,IT and Business ,Undergraduate,UK,Yes,Yes,To get more information ,Yes,Sometimes,No,Rarely,Yes,Moderately effective,When learning Coding,Moderately dependent,To make my work easier ,Yes,Yes,
14030873141,330371016,03/11/2025 01:28:30 PM,03/11/2025 01:38:17 PM,109.144.18.82,,,,,,,Female,21-23,Bsc Information Technology and Business Information System ,Undergraduate,United Kingdom ,Yes,Yes,For understand difficult topics  As a support for assignments,Yes,Often,Yes,Often,Depending on the assignment,Extremely effective,AI always helped me to understand theory part of my modules,Moderately dependent,As a help for my assignments,No,Yes,
14030873150,330371016,03/11/2025 01:28:56 PM,03/11/2025 01:38:03 PM,104.28.86.99,,,,,,,Male,18-20,IT and BIS,Undergraduate,United Kingdom,Yes,Yes,To do brainstorming ,Yes,Often,Yes,Rarely,Yes,Very effective,"Like when I‚Äôm having some complicated lessons, I always try to use AI tools to summarize it for me or, simplify it for me ",Moderately dependent,Summarizing lessons,Yes,Yes,
14030837589,330371016,03/10/2025 03:42:01 PM,03/10/2025 03:54:15 PM,109.144.222.58,,,,,,,Male,21-23,IT and business information systems ,Undergraduate,london,Yes,Yes,i use it to be ahead in class and access more information ,Yes,Always,Yes,Often,Yes,Very effective,it helped me in understanding how to make my idea more innovative ,Moderately dependent,mostly for assignments and courseworks ,Yes,Yes,ehh make a smarter model more accessible and cheaper
14030837871,330371016,03/10/2025 03:48:12 PM,03/10/2025 03:51:49 PM,86.187.170.59,,,,,,,Male,21-23,Information Technology and Business Information Systems,Undergraduate,UK,,,,,,,,,,,,,,,
14030837867,330371016,03/10/2025 03:48:17 PM,03/10/2025 03:49:08 PM,109.144.20.243,,,,,,,Female,21-23,BIS,Undergraduate,UK,,,,,,,,,,,,,,,
